1,Quinn,Santiago,(902) 788-9659,lacinia.vitae@dolor.co.uk,"P.O. Box 715, 8368 Nulla Avenue",Aurora,CO,73874
2,Constance,Blackwell,(632) 680-2939,pharetra@mattisornarelectus.ca,"P.O. Box 945, 6837 Nulla. Ave",St. Petersburg,FL,97281
3,Sonia,Delaney,(453) 502-6493,porttitor.eros@atfringilla.net,269-600 Suspendisse Rd.,Knoxville,TN,20589
4,Piper,Benton,(641) 559-0729,Cras.convallis@egestas.net,3232 Cras Ave,Virginia Beach,VA,94824
5,Flavia,Fernandez,(833) 244-4378,porttitor.tellus.non@atrisus.edu,"P.O. Box 945, 4623 Turpis. Rd.",St. Petersburg,FL,60708
6,Sharon,Santos,(454) 367-0092,sem@Craseu.edu,Ap #996-2488 Nullam St.,College,AK,99728
7,Desiree,Dillon,(182) 310-2053,mauris.elit.dictum@justonecante.org,"Ap #775-7789 Aliquet, Street",Racine,WI,47790
8,Iris,Glover,(695) 235-3870,consectetuer.adipiscing.elit@metus.co.uk,"P.O. Box 257, 3686 Eu Rd.",Pike Creek,DE,47911
9,Lana,Velasquez,(153) 304-5516,lacinia.at.iaculis@Namconsequatdolor.co.uk,"P.O. Box 839, 838 Ullamcorper Rd.",Omaha,NE,15184
10,Allistair,Preston,(991) 235-6148,Nam.tempor.diam@vitaeodio.co.uk,2228 Amet Street,Dover,DE,61921
11,Julie,Vasquez,(744) 851-6599,morbi@orciinconsequat.org,"P.O. Box 477, 7435 In Avenue",Detroit,MI,92003
12,Remedios,Cervantes,(607) 856-7412,luctus.felis@vehiculaaliquet.org,340-8399 Dictum. Rd.,Iowa City,IA,24951
13,Melanie,Griffith,(487) 675-6218,lobortis.quis.pede@Loremipsumdolor.ca,"P.O. Box 864, 1462 Quisque St.",Fort Smith,AR,71616
14,Felicia,Sharpe,(207) 598-9614,luctus.aliquet@natoquepenatibus.org,Ap #844-9002 Odio. Rd.,Madison,WI,15885
15,Jaquelyn,Hunt,(117) 710-3251,pede.et@Aliquam.com,"P.O. Box 884, 9041 Vivamus St.",Seattle,WA,81743
16,Kasimir,Bolton,(924) 134-2891,eu@Vestibulumut.net,"P.O. Box 394, 6272 Lobortis Ave",Hattiesburg,MS,59704
17,Rana,Calhoun,(468) 867-6911,lectus.a@Nullafacilisi.com,"P.O. Box 927, 9489 Lectus Rd.",Boise,ID,49913
18,Alfreda,Perkins,(402) 648-3059,amet.consectetuer.adipiscing@Vivamus.net,"P.O. Box 268, 547 Sodales Street",Nampa,ID,89731
19,Conan,Gonzalez,(978) 565-9412,neque@Proin.net,327-831 Nullam Rd.,Lowell,MA,11808
20,Constance,Mcleod,(491) 391-0870,ligula.Aliquam@Aeneaneget.edu,Ap #893-4631 Lorem Ave,Burlington,VT,87499
21,Signe,Bolton,(710) 368-7688,nascetur.ridiculus@magnaCras.co.uk,"670-5459 Eu, St.",Portland,ME,11279
22,Faith,Marshall,(440) 512-3623,et@Uttincidunt.edu,439-5367 Placerat. Av.,Gresham,OR,18901
23,Oprah,Riddle,(255) 750-5461,sed.pede@luctus.net,3133 Lorem Rd.,Waterbury,CT,28993
24,Zena,Malone,(833) 922-0830,id.libero.Donec@sitametrisus.edu,"Ap #677-6802 A, Avenue",Rockville,MD,93513
25,Blythe,Holden,(998) 898-7824,tellus.sem@Crasegetnisi.com,925-9618 Tempor Avenue,Nashville,TN,36763
26,Priscilla,Prince,(942) 476-8592,tempus@eleifendnec.net,503-8984 Blandit. Rd.,Eugene,OR,46179
27,Mona,Forbes,(611) 789-4492,Suspendisse@maurisut.com,"814-4726 Et, Rd.",Baton Rouge,LA,20801
28,Otto,Stephens,(509) 948-9100,Pellentesque@facilisisloremtristique.com,"752-4590 Vulputate, Ave",Cincinnati,OH,19959
29,Connor,Hancock,(681) 494-7343,nunc.id@egetlaoreet.com,"P.O. Box 335, 598 Metus. Rd.",Butte,MT,40861
30,Francis,Odonnell,(902) 711-1553,In@facilisisloremtristique.co.uk,7959 In Ave,Rockford,IL,76530
31,Heidi,Banks,(663) 839-6970,erat.neque.non@nibhsitamet.ca,"4673 Est, St.",Hillsboro,OR,34299
32,Jameson,Sargent,(950) 600-2729,lacus.Ut.nec@erat.com,430-8513 Ac St.,Norman,OK,70090
33,Ross,Moore,(884) 133-1010,lacus@egestasAliquam.org,5059 Erat St.,Savannah,GA,74553
34,Amal,Arnold,(589) 804-9166,vestibulum.nec.euismod@apurusDuis.edu,"P.O. Box 822, 876 Ultricies Rd.",Nampa,ID,85462
35,Mona,Reed,(456) 302-3012,nibh@utnisi.co.uk,Ap #120-8412 Sed Road,Indianapolis,IN,18029
36,Simone,Wilkins,(786) 322-4636,Donec.porttitor@a.ca,Ap #273-9815 Orci Rd.,Birmingham,AL,35514
37,Emi,Fernandez,(220) 959-2631,Nullam.suscipit@Nunc.ca,583-8913 Non Rd.,Toledo,OH,50204
38,Ocean,Wong,(851) 469-6272,massa.Mauris@luctusetultrices.net,Ap #494-8144 Suspendisse Avenue,Gulfport,MS,70212
39,Dolan,Pitts,(778) 132-8117,interdum.ligula@a.com,6835 Quam Rd.,Phoenix,AZ,86038
40,Sydney,Nguyen,(347) 609-2876,Pellentesque.tincidunt@amet.ca,182-3193 Etiam Ave,Lakewood,CO,12479
41,Scarlet,Murray,(890) 620-5523,Nulla.semper@Sed.co.uk,777 Suspendisse St.,Denver,CO,80885
42,Ulla,Pittman,(579) 850-7130,urna.suscipit.nonummy@nonummyultriciesornare.net,Ap #185-9542 Aliquam St.,Chesapeake,VA,75464
43,Kato,Salas,(617) 966-1821,a@tristiquesenectuset.ca,900-3370 Quis Street,Jefferson City,MO,64361
44,Illiana,Rhodes,(484) 588-1567,mi.Duis@risus.net,1967 Fusce St.,Bellevue,WA,70885
45,Vladimir,Conner,(655) 360-6780,orci.Donec@Morbisit.org,1661 Egestas. St.,Lincoln,NE,54992
46,Troy,Yates,(275) 615-1514,augue.scelerisque.mollis@torquentperconubia.com,418-4426 Nibh St.,Reno,NV,64026
47,Amery,Jordan,(929) 714-8533,dui.nec@anteMaecenasmi.ca,9687 Primis St.,Harrisburg,PA,22339
48,Rudyard,Phelps,(706) 913-9360,aliquet@convallis.com,863-4381 Ullamcorper Ave,Vancouver,WA,54175
49,Sydnee,Pennington,(381) 828-6864,mauris.rhoncus@volutpat.com,9095 Ipsum. St.,Racine,WI,70743
50,Hall,Moses,(518) 649-5213,volutpat.Nulla.facilisis@Praesent.ca,867-1447 Libero Rd.,Hillsboro,OR,94424
51,Carlos,Beard,(636) 929-5743,Maecenas.mi.felis@nonjustoProin.org,"Ap #423-4308 Consequat, Road",Gulfport,MS,90355
52,Brittany,Hurst,(351) 446-9546,nec@aptenttaciti.com,Ap #218-5465 Tincidunt Rd.,Fort Collins,CO,46605
53,Farrah,Noble,(139) 980-3542,dapibus.rutrum.justo@Quisqueporttitor.net,Ap #809-7929 Volutpat. Ave,Metairie,LA,26201
54,Burton,Hurst,(491) 327-4312,risus.a@eunibhvulputate.co.uk,"P.O. Box 692, 3812 Quis Street",Milwaukee,WI,91440
55,Sheila,Simon,(919) 923-7772,libero.nec@disparturientmontes.edu,569-7601 Malesuada Street,Worcester,MA,61571
56,Ciaran,Dillard,(820) 500-0510,libero@pellentesquemassa.net,"P.O. Box 331, 3816 Euismod Avenue",Birmingham,AL,36377
57,Barclay,West,(307) 984-7605,pede@ornareplaceratorci.net,"P.O. Box 227, 8939 Urna. St.",Fayetteville,AR,72364
58,Astra,Gilmore,(844) 395-1062,hymenaeos.Mauris.ut@sociosquad.edu,Ap #616-7845 Accumsan Avenue,Richmond,VA,31253
59,Ina,Copeland,(601) 147-8806,dapibus@arcuCurabitur.net,"Ap #718-8432 Tortor, St.",Jacksonville,FL,60134
60,Eagan,Marquez,(454) 507-7055,magna.Nam.ligula@ametconsectetuer.org,Ap #290-4027 Fermentum Street,Columbus,GA,64484
61,Melodie,Stanton,(565) 986-0953,ut@sem.com,"P.O. Box 572, 8449 Gravida Road",Fresno,CA,92865
62,Dominic,Miller,(530) 500-9110,vitae.orci@loremloremluctus.net,1942 Ad Street,Provo,UT,13251
63,Candace,Velasquez,(224) 156-9365,eget.volutpat.ornare@urnajustofaucibus.co.uk,7900 Tincidunt Street,Bowling Green,KY,57988
64,Leroy,Hodges,(210) 143-9678,quis.accumsan@augueporttitorinterdum.co.uk,6065 Enim. Ave,Aurora,IL,68287
65,Brenda,Bryant,(459) 777-8297,imperdiet.dictum@inmagnaPhasellus.net,Ap #907-8960 Nisl Avenue,Grand Rapids,MI,78688
66,Tamara,Neal,(893) 830-3145,risus.Donec.egestas@est.edu,8675 Fames Rd.,Fort Worth,TX,68511
67,Winter,Mosley,(771) 844-7281,nisi.sem@vitaevelit.net,4950 Pellentesque Rd.,Cleveland,OH,27714
68,Kennedy,Tate,(902) 185-6212,Pellentesque.habitant@hendrerit.ca,"940-7223 Montes, St.",Seattle,WA,72778
69,Edan,Terrell,(391) 985-6428,Proin@etmagnaPraesent.ca,3608 Libero Av.,Bellevue,WA,76701
70,Jada,Camacho,(344) 773-1635,nisl@erosProinultrices.ca,"P.O. Box 887, 7876 Sapien Road",Birmingham,AL,36510
71,Holly,Franco,(181) 988-7287,sed@ipsum.edu,"3813 Eu, Avenue",North Las Vegas,NV,61708
72,Hashim,Fisher,(873) 322-3095,lacus.Etiam@ante.edu,"P.O. Box 333, 6464 Eu Avenue",Miami,FL,75655
73,Diana,Holder,(603) 816-4064,placerat.augue@tristiquepellentesquetellus.org,500-8316 Magna. Ave,Iowa City,IA,37563
74,Lynn,Vasquez,(898) 287-2855,elit.a.feugiat@faucibusidlibero.net,"423-4410 Non, Av.",Austin,TX,79580
75,April,Rollins,(353) 350-7551,mollis.non@mollisPhasellus.com,8777 In Street,Paradise,NV,75317
76,Yael,Rich,(562) 964-5971,dictum@Maurismolestie.com,119-9732 Nunc St.,Springfield,IL,75038
77,Daniel,Hooper,(873) 209-1766,lacus.Mauris@Lorem.com,Ap #551-8411 Faucibus Ave,Anchorage,AK,99784
78,Rae,Melendez,(378) 978-2345,Nam@liberomaurisaliquam.net,1887 Aenean St.,Chesapeake,VA,66136
79,Kristen,Mendoza,(631) 655-3027,Ut.nec.urna@a.ca,"P.O. Box 548, 3881 Nisl. Ave",Gillette,WY,47958
80,Vera,Garner,(916) 585-9959,nascetur.ridiculus@Pellentesqueultriciesdignissim.edu,941 Amet Street,Biloxi,MS,66637
81,Cedric,Howe,(846) 559-8142,interdum@Mauris.org,7691 Neque St.,Augusta,GA,25361
82,Hanae,Stevenson,(564) 675-4067,dignissim.magna@tinciduntpede.org,2873 Ut Avenue,Los Angeles,CA,93063
83,Alvin,Washington,(764) 199-4234,nec.orci.Donec@eueros.net,Ap #224-8328 Sagittis St.,Spokane,WA,84552
84,Damon,Fischer,(116) 553-7694,Nunc.ac.sem@odio.net,7719 Rutrum. Avenue,Duluth,MN,55031
85,Skyler,Mccormick,(665) 696-0886,senectus.et.netus@sagittis.org,"P.O. Box 180, 2690 Aliquet Rd.",Eugene,OR,64268
86,Carl,Fleming,(252) 447-8153,mus@Craseget.com,Ap #530-1096 Arcu. St.,Butte,MT,62437
87,Nigel,Jenkins,(871) 191-3117,semper.auctor.Mauris@enim.co.uk,826-3408 Nunc Ave,Lafayette,LA,66570
88,Magee,Price,(173) 236-7143,tempus.lorem@tellusnonmagna.com,3565 Senectus St.,New Haven,CT,21646
89,Erich,Maxwell,(367) 636-9957,quis.tristique.ac@sedpedeCum.net,577-2967 Nulla Street,Dallas,TX,12777
90,Ignacia,Webb,(695) 375-7442,eu@sapienAenean.co.uk,"P.O. Box 243, 4232 Sed Street",Fayetteville,AR,72385
91,Flynn,Ellis,(244) 846-5023,lacinia.at.iaculis@molestiepharetra.com,640-2255 Vestibulum Ave,Chesapeake,VA,83550
92,Ila,Lyons,(421) 499-1202,tincidunt.tempus@aliquamenimnec.ca,3015 Aenean Rd.,Iowa City,IA,32376
93,Olympia,Gardner,(517) 287-8504,egestas.hendrerit@Nunclectuspede.edu,1687 Quisque Road,Kearney,NE,30828
94,Ishmael,Walls,(646) 287-4132,eu@pharetraQuisque.co.uk,"P.O. Box 517, 9895 Ad Street",Broken Arrow,OK,18631
95,Hayden,Floyd,(301) 667-6881,luctus@pharetraut.org,Ap #264-2078 Pellentesque Rd.,Des Moines,IA,20312
96,Xanthus,Guerrero,(540) 152-8657,euismod.enim.Etiam@faucibusMorbi.ca,"P.O. Box 629, 3868 Malesuada St.",Fort Smith,AR,72797
97,Vernon,Holcomb,(834) 893-6956,ut.lacus@Donec.co.uk,Ap #857-2985 Vel Road,Jefferson City,MO,19076
98,Brennan,Berg,(567) 830-5553,faucibus.orci@necorciDonec.com,"P.O. Box 551, 7524 Dolor, Ave",Savannah,GA,43250
99,Destiny,Rowland,(430) 240-8218,gravida@blanditmattisCras.com,"P.O. Box 519, 6622 Lorem Rd.",Austin,TX,40042
100,Oscar,Petersen,(799) 365-7341,Lorem.ipsum@feugiat.ca,"P.O. Box 859, 4283 Commodo Rd.",Las Vegas,NV,94234
